prevalence,q_topic,fpr,precision
0.001,0.0,0.14634146341463414,0.006160717524106593
0.001,0.05,0.14902439024390243,0.006050475519541967
0.001,0.1,0.15170731707317076,0.0059441095723860565
0.001,0.2,0.15707317073170732,0.005742215940932351
0.001,0.3,0.16243902439024388,0.005553586551969148
0.001,0.5,0.17317073170731706,0.005211214147153468
0.001,0.75,0.18658536585365856,0.004838364445630863
0.001,1.0,0.2,0.004515305328060287
0.002,0.0,0.14634146341463414,0.012258111075600278
0.002,0.05,0.14902439024390243,0.012040082030526925
0.002,0.1,0.15170731707317076,0.011829673397541896
0.002,0.2,0.15707317073170732,0.011430173273351682
0.002,0.3,0.16243902439024388,0.011056774724863926
0.002,0.5,0.17317073170731706,0.010378677709323703
0.002,0.75,0.18658536585365856,0.009639691205585669
0.002,1.0,0.2,0.008998944951281574
0.005,0.0,0.14634146341463414,0.030179962941340715
0.005,0.05,0.14902439024390243,0.02965273628168154
0.005,0.1,0.15170731707317076,0.029143614043447265
0.005,0.2,0.15707317073170732,0.028176076544139044
0.005,0.3,0.16243902439024388,0.027270717258854844
0.005,0.5,0.17317073170731706,0.025624005965285832
0.005,0.75,0.18658536585365856,0.023825649945295183
0.005,1.0,0.2,0.022263165975740826
0.01,0.0,0.14634146341463414,0.05887012922711294
0.01,0.05,0.14902439024390243,0.05787160971658973
0.01,0.1,0.15170731707317076,0.05690639782980344
0.01,0.2,0.15707317073170732,0.05506944585964841
0.01,0.3,0.16243902439024388,0.053347379831549704
0.01,0.5,0.17317073170731706,0.050207332212923006
0.01,0.75,0.18658536585365856,0.046766466594819096
0.01,1.0,0.2,0.04376697856927256
0.02,0.0,0.14634146341463414,0.11220156648107955
0.02,0.05,0.14902439024390243,0.11040458777953996
0.02,0.1,0.15170731707317076,0.10866426124752784
0.02,0.2,0.15707317073170732,0.10534317599486838
0.02,0.3,0.16243902439024388,0.10221907378686851
0.02,0.5,0.17317073170731706,0.09649564187050594
0.02,0.75,0.18658536585365856,0.0901837047374888
0.02,1.0,0.2,0.0846468184471687
0.05,0.0,0.14634146341463414,0.24581352077734137
0.05,0.05,0.14902439024390243,0.24246107164123107
0.05,0.1,0.15170731707317076,0.2391988347858275
0.05,0.2,0.15707317073170732,0.23293081425873544
0.05,0.3,0.16243902439024388,0.22698290278488364
0.05,0.5,0.17317073170731706,0.21595408478331946
0.05,0.75,0.18658536585365856,0.2035889181877333
0.05,1.0,0.2,0.19256308100929617
0.1,0.0,0.14634146341463414,0.4076105587932808
0.1,0.05,0.14902439024390243,0.40323127636773065
0.1,0.1,0.15170731707317076,0.398945093881276
0.1,0.2,0.15707317073170732,0.3906404005624696
0.1,0.3,0.16243902439024388,0.38267440812595754
0.1,0.5,0.17317073170731706,0.3676788917063517
0.1,0.75,0.18658536585365856,0.3505099935145333
0.1,1.0,0.2,0.33487297921478065
0.2,0.0,0.14634146341463414,0.6075625958099132
0.2,0.05,0.14902439024390243,0.6032225987783347
0.2,0.1,0.15170731707317076,0.598944165709565
0.2,0.2,0.15707317073170732,0.5905668249458605
0.2,0.3,0.16243902439024388,0.5824205968219135
0.2,0.5,0.17317073170731706,0.5667842501668414
0.2,0.75,0.18658536585365856,0.5483811456507702
0.2,1.0,0.2,0.5311355311355311
0.5,0.0,0.14634146341463414,0.8609703113685736
0.5,0.05,0.14902439024390243,0.8587813827174762
0.5,0.1,0.15170731707317076,0.8566035560934843
0.5,0.2,0.15707317073170732,0.8522808727814893
0.5,0.3,0.16243902439024388,0.8480015975808063
0.5,0.5,0.17317073170731706,0.8395706821070471
0.5,0.75,0.18658536585365856,0.8292648905007672
0.5,1.0,0.2,0.8192090395480226
