prevalence,precision_fpr_topic,precision_fpr_deploy,tpr,fpr_topic,fpr_deploy
0.001,0.0036155092881186885,1.0,0.90625,0.25,0.0
0.002,0.007212136284506342,1.0,0.90625,0.25,0.0
0.005,0.01789019123997532,1.0,0.90625,0.25,0.0
0.01,0.03532277710109623,1.0,0.90625,0.25,0.0
0.02,0.0688836104513064,1.0,0.90625,0.25,0.0
0.05,0.16022099447513813,1.0,0.90625,0.25,0.0
0.1,0.2871287128712871,1.0,0.90625,0.25,0.0
0.2,0.4754098360655738,1.0,0.90625,0.25,0.0
0.5,0.7837837837837838,1.0,0.90625,0.25,0.0
